epoch,train_loss,train_accuracy,val_loss,val_accuracy,val_macro_f1,learning_rate,epoch_time_seconds
1,1.890501250098971,0.3637390567636261,1.9367894747920409,0.4397590361445783,0.22681423776831902,0.0003,20856.450706243515
2,1.725084180611064,0.4310081897768992,1.6744245650444811,0.498952331063384,0.31319044521205064,0.0003,22246.891336917877
3,1.666140577901524,0.44885625529511436,1.63664629292026,0.4958093242535359,0.2958448593140114,0.0003,38618.18528294563
4,1.5937403905529721,0.4731431798926857,1.6792218993633063,0.46045049764274487,0.27680290062215773,0.0003,30922.22432398796
5,1.5457492213503716,0.48155888167184413,1.6542282896306642,0.4138292299633316,0.2727202205557479,0.0003,27608.20060276985
6,1.516444457556965,0.49149957639085007,1.526797582242675,0.5254059717129387,0.3773402831657704,0.0003,67339.91151475906
7,1.4686917355962137,0.5037560011296244,1.4780103465285583,0.49869041382922996,0.3292562178678268,0.0003,74122.19878911972
8,1.4396480319258251,0.5055069189494493,1.5405256286724005,0.46752226296490307,0.3297620330954486,0.0003,79732.10715579987
9,1.4097430243663147,0.5165772380683423,1.5519485386832963,0.4355683603981142,0.28860255823779424,0.0003,83923.1916589737
10,1.3536628873410181,0.5308669867269133,1.5404590396996003,0.5125720272393923,0.3313732111265961,0.00015,59087.57186102867
11,1.2324785589936156,0.5559446484044055,1.414237818710463,0.5521215295966475,0.36035150438848057,0.00015,69865.36931777
