,precision,recall,f1-score,support
Melanoma,0.4056338028169014,0.4444444444444444,0.42415316642120765,648.0
Melanocytic Nevus,0.8588235294117647,0.5986673500768837,0.7055270311084264,1951.0
Basal Cell Carcinoma,0.36622390891840606,0.3806706114398422,0.3733075435203095,507.0
Actinic Keratosis,0.20309050772626933,0.6258503401360545,0.30666666666666664,147.0
Benign Keratosis,0.22717149220489977,0.2524752475247525,0.2391559202813599,404.0
Dermatofibroma,0.05263157894736842,0.1724137931034483,0.08064516129032258,29.0
Vascular Lesion,0.5,0.5151515151515151,0.5074626865671642,33.0
Squamous Cell Carcinoma,0.11666666666666667,0.23595505617977527,0.15613382899628253,89.0
accuracy,0.4952731092436975,0.4952731092436975,0.4952731092436975,0.4952731092436975
macro avg,0.3412801858365346,0.4032035447570895,0.3491315006064674,3808.0
weighted avg,0.597198573670873,0.4952731092436975,0.5292230291509331,3808.0
